Question Number,Problem
53,Maximum Subarray
918,Maximum Sum Circular Subarray
978,Longest Turbulent Subarray
219,Contains Duplicate II
1343,Number of Sub Arrays of Size K and Avg >= Threshold
209,Minimum Size Subarray Sum
3,Longest Substring Without Repeating Characters
424,Longest Repeating Character Replacement
125,Valid Palindrome
167,Two Sum II Input Array Is Sorted
26,Remove Duplicates From Sorted Array
80,Remove Duplicates From Sorted Array II
11,Container With Most Water
42,Trapping Rain Water
303,Range Sum Query - Immutable
304,Range Sum Query 2D Immutable
724,Find Pivot Index
238,Product of Array Except Self
560,Subarray Sum Equals K
1462,Course Schedule IV
269,Alien Dictionary
1203,Sort Items By Groups Respecting Dependencies
210,Course Schedule II
207,Course Schedule
1584,Min Cost to Connect All Points
1611,Find Critical and Pseudo Critical Edges in MST
778,Swim In Rising Water
1514,Path with Maximum Probability
743,Network Delay Time
47,Permutations II
46,Permutations
90,Subsets II
78,Subsets
17,Letter Combinations of a Phone Number
39,Combination Sum
77,Combinations
502,IPO
480,Sliding Window Median
295,Find Median From Data Stream
145,Binary Tree Postorder Traversal
144,Binary Tree Preorder Traversal
173,Binary Search Tree Iterator
307,Range Sum Query Mutable
729,My Calendar I
2402,Longest Increasing Subsequence II
406,Queue Reconstruction By Height
323,Number of Connected Components In An Undirected Graph
128,Longest Consecutive Sequence
721,Accounts Merge
684,Redundant Connection
745,Prefix And Suffix Search
211,Design Add And Search Words Data Structure
212,Word Search II
208,Implement Trie Prefix Tree
141,Linked List Cycle
876,Middle of the Linked List
2130,Maximum Twin Sum Of A Linked List
287,Find The Duplicate Number
142,Linked List Cycle II
