1,Two Sum
2,Add Two Numbers
3,Longest Substring Without Repeating Characters
4,Median of Two Sorted Arrays
5,Longest Palindromic Substring
8,String to Integer (atoi)
9,Palindrome Number
14,Longest Common Prefix
15,3Sum
20,Valid Parentheses
23,Merge k Sorted Lists
26,Remove Duplicates from Sorted Array
31,Next Permutation
33,Search in Rotated Sorted Array
34,Find First and Last Position of Element in Sorted Array
42,Trapping Rain Water
49,Group Anagrams
50,Pow(x, n)
53,Maximum Subarray
56,Merge Intervals
65,Valid Number
71,Simplify Path
75,Sort Colors
78,Subsets
88,Merge Sorted Array
118,Pascal's Triangle
121,Best Time to Buy and Sell Stock
124,Binary Tree Maximum Path Sum
125,Valid Palindrome
127,Word Ladder
129,Sum Root to Leaf Numbers
133,Clone Graph
138,Copy List with Random Pointer
146,LRU Cache
162,Find Peak Element
173,Binary Search Tree Iterator
199,Binary Tree Right Side View
200,Number of Islands
207,Course Schedule
215,Kth Largest Element in an Array
219,Contains Duplicate II
227,Basic Calculator II
235,Lowest Common Ancestor of a Binary Search Tree
236,Lowest Common Ancestor of a Binary Tree
253,Meeting Rooms II
270,Closest Binary Search Tree Value
282,Expression Add Operators
283,Move Zeroes
314,Binary Tree Vertical Order Traversal
317,Shortest Distance from All Buildings
339,Nested List Weight Sum
346,Moving Average from Data Stream
347,Top K Frequent Elements
348,Design Tic-Tac-Toe
398,Random Pick Index
408,Valid Word Abbreviation
415,Add Strings
498,Diagonal Traverse
523,Continuous Subarray Sum
543,Diameter of Binary Tree
560,Subarray Sum Equals K
636,Exclusive Time of Functions
647,Palindromic Substrings
658,Find K Closest Elements
670,Maximum Swap
680,Valid Palindrome II
721,Accounts Merge
766,Toeplitz Matrix
791,Custom Sort String
708,Insert into a Sorted Circular Linked List
827,Making A Large Island
1762,Buildings With an Ocean View
528,Random Pick with Weight
921,Minimum Add to Make Parentheses Valid
938,Range Sum of BST
973,K Closest Points to Origin
76,Minimum Window Substring
824,Goat Latin
394,Decode String
19,Remove Nth Node From End of List
875,Koko Eating Bananas
863,All Nodes Distance K in Binary Tree
934,Shortest Bridge
163,Missing Ranges
249,Group Shifted Strings
1047,Remove All Adjacent Duplicates In String
329,Longest Increasing Path in a Matrix
328,Odd Even Linked List
22,Generate Parentheses
116,Populating Next Right Pointers in Each Node
378,Kth Smallest Element in a Sorted Matrix
295,Find Median from Data Stream
536,Construct Binary Tree from String
21,Merge Two Sorted Lists
66,Plus One
239,Sliding Window Maximum
234,Palindrome Linked List
958,Check Completeness of a Binary Tree
303,Range Sum Query - Immutable
122,Best Time to Buy and Sell Stock II
545,Boundary of Binary Tree
2235,Add Two Integers
169,Majority Element
242,Valid Anagram
489,Robot Room Cleaner
35,Search Insert Position
1060,Missing Element in Sorted Array
13,Roman to Integer
18,4Sum
1011,Capacity To Ship Packages Within D Days
189,Rotate Array
424,Longest Repeating Character Replacement
301,Remove Invalid Parentheses
480,Sliding Window Median
11,Container With Most Water
210,Course Schedule II
73,Set Matrix Zeroes
349,Intersection of Two Arrays
246,Strobogrammatic Number
896,Monotonic Array
1209,Remove All Adjacent Duplicates in String II
51,N-Queens
419,Battleships in a Board
2265,Count Nodes Equal to Average of Subtree
55,Jump Game
556,Next Greater Element III
994,Rotting Oranges
540,Single Element in a Sorted Array
7,Reverse Integer
778,Swim in Rising Water
380,Insert Delete GetRandom O(1)
286,Walls and Gates
570,Managers with at Least 5 Direct Reports
1148,Article Views I
48,Rotate Image
525,Contiguous Array
134,Gas Station
46,Permutations
746,Min Cost Climbing Stairs
852,Peak Index in a Mountain Array
443,String Compression
237,Delete Node in a Linked List
62,Unique Paths
322,Coin Change
136,Single Number
496,Next Greater Element I
213,House Robber II
217,Contains Duplicate
27,Remove Element
695,Max Area of Island
98,Validate Binary Search Tree
16,3Sum Closest
311,Sparse Matrix Multiplication
724,Find Pivot Index
32,Longest Valid Parentheses
36,Valid Sudoku
231,Power of Two
54,Spiral Matrix
29,Divide Two Integers
617,Merge Two Binary Trees
1206,Design Skiplist
3477,Fruits Into Baskets II
485,Max Consecutive Ones
278,First Bad Version
905,Sort Array By Parity
126,Word Ladder II
224,Basic Calculator
451,Sort Characters By Frequency
297,Serialize and Deserialize Binary Tree
2348,Number of Zero-Filled Subarrays
197,Rising Temperature
269,Alien Dictionary
10,Regular Expression Matching
494,Target Sum
679,24 Game
2043,Simple Bank System
402,Remove K Digits
205,Isomorphic Strings
602,Friend Requests II: Who Has the Most Friends
195,Tenth Line
1781,Sum of Beauty of All Substrings
2749,Minimum Operations to Make the Integer Zero
825,Friends Of Appropriate Ages
542,01 Matrix
198,House Robber
79,Word Search
67,Add Binary
3541,Find Most Frequent Vowel and Consonant
206,Reverse Linked List
692,Top K Frequent Words
784,Letter Case Permutation
1431,Kids With the Greatest Number of Candies
983,Minimum Cost For Tickets
204,Count Primes
110,Balanced Binary Tree
796,Rotate String
1877,Minimize Maximum Pair Sum in Array
1423,Maximum Points You Can Obtain from Cards
175,Combine Two Tables
752,Open the Lock
1443,Minimum Time to Collect All Apples in a Tree
3005,Count Elements With Maximum Frequency
781,Rabbits in Forest
1160,Find Words That Can Be Formed by Characters
166,Fraction to Recurring Decimal
678,Valid Parenthesis String
1280,Students and Examinations
1123,Lowest Common Ancestor of Deepest Leaves
976,Largest Perimeter Triangle
1922,Count Good Numbers
1039,Minimum Score Triangulation of Polygon
130,Surrounded Regions
123,Best Time to Buy and Sell Stock III
3652,Best Time to Buy and Sell Stock using Strategy
3158,Find the XOR of Numbers Which Appear Twice
69,Sqrt(x)
417,Pacific Atlantic Water Flow
61,Rotate List
319,Bulb Switcher
178,Rank Scores
1868,Product of Two Run-Length Encoded Arrays
1661,Average Time of Process per Machine
2300,Successful Pairs of Spells and Potions
1581,Customer Who Visited but Did Not Make Any Transactions
196,Delete Duplicate Emails
84,Largest Rectangle in Histogram
3697,Compute Decimal Representation
1207,Unique Number of Occurrences
3494,Find the Minimum Amount of Time to Brew Potions
2954,Count the Number of Infection Sequences
341,Flatten Nested List Iterator
1293,Shortest Path in a Grid with Obstacles Elimination
202,Happy Number
907,Sum of Subarray Minimums
58,Length of Last Word
1141,User Activity for the Past 30 Days I
601,Human Traffic of Stadium
90,Subsets II
416,Partition Equal Subset Sum
218,The Skyline Problem
107,Binary Tree Level Order Traversal II
1331,Rank Transform of an Array
704,Binary Search
70,Climbing Stairs
1865,Finding Pairs With a Certain Sum
1094,Car Pooling
344,Reverse String
605,Can Place Flowers
114,Flatten Binary Tree to Linked List
240,Search a 2D Matrix II
550,Game Play Analysis IV
3346,Maximum Frequency of an Element After Performing Operations I
160,Intersection of Two Linked Lists
3461,Check If Digits Are Equal in String After Operations I
100,Same Tree
190,Reverse Bits
2048,Next Greater Numerically Balanced Number
167,Two Sum II - Input Array Is Sorted
1721,Swapping Nodes in a Linked List
268,Missing Number
3354,Make Array Elements Equal to Zero
468,Validate IP Address
102,Binary Tree Level Order Traversal
287,Find the Duplicate Number
1251,Average Selling Price
1910,Remove All Occurrences of a Substring
706,Design HashMap
148,Sort List
343,Integer Break
92,Reverse Linked List II
1143,Longest Common Subsequence
345,Reverse Vowels of a String
867,Transpose Matrix
1193,Monthly Transactions I
147,Insertion Sort List
37,Sudoku Solver
2257,Count Unguarded Cells in the Grid
1652,Defuse the Bomb
1352,Product of the Last K Numbers
350,Intersection of Two Arrays II
735,Asteroid Collision
